name,website,map link,address,phone,created at,latitude,longitude,google rank,number of reviews,search keywords,contact page link
Oldham & Delcamp LLC.,https://oldhamdelcamp.com/?utm_source=google%20my%20business&utm_medium=organic,https://www.google.com/maps/place/?q=place_id:ChIJFUIpsYXmwogRhEgWQn2y2A4,"4970 Park Blvd N, Pinellas Park, FL 33781",(727) 308-5860,2020-09-01T15:47:00.094264,27.83902,-82.701491,11,46,"Tampa Personal Injury attorneys Tampa, Florida, United States",
"BJE Law, P.A.",http://www.bjelaw.com/,https://www.google.com/maps/place/?q=place_id:ChIJV-PRgJrEwogR_dD8-U-xVJg,"11928 Sheldon Rd, Tampa, FL 33626",(813) 252-9054,2020-09-01T15:48:36.695902,28.057662,-82.584304,11,84,"Tampa Personal Injury attorneys Tampa, Florida, United States",
"Goudie & Kohn, P.A.",https://www.goudiekohn.com/,https://www.google.com/maps/place/?q=place_id:ChIJfUWpN4nEwogR5oNb8u7jsFY,"3004 W Cypress St, Tampa, FL 33609",(813) 428-8504,2020-09-01T15:47:00.081838,27.9517238,-82.4917182,10,20,"Tampa Personal Injury attorneys Tampa, Florida, United States",
"Law Offices of Bill Dickey, P.A.",https://www.bdinjurylaw.com/?utm_source=google&utm_medium=organic&utm_campaign=gmb-local,https://www.google.com/maps/place/?q=place_id:ChIJ7QCmDTDDwogRUzP8kGi3AhQ,"3800 W Bay to Bay Blvd #12, Tampa, FL 33629",(813) 835-3800,2020-09-01T15:48:36.694364,27.9195743,-82.5065572,7,4,"Tampa Personal Injury attorneys Tampa, Florida, United States",
"Needle & Ellenberg, P.A.",https://www.needleellenberg.com/,https://www.google.com/maps/place/?q=place_id:ChIJs5SWIFTCwogRfgdaFEuGlyU,"401 E Jackson St Suite 2340, Tampa, FL 33602",(813) 358-6637,2020-09-01T15:47:00.085049,27.947067,-82.4561431,18,1,"Tampa Personal Injury attorneys Tampa, Florida, United States",
Perenich The Law Firm,https://perenichlaw.com/personal-injury-attorneys-palm-harbor-fl/,https://www.google.com/maps/place/?q=place_id:ChIJRdeRqfrywogRPvlp9vmv-yI,"3204 US-19 ALT, Palm Harbor, FL 34683",(727) 500-1499,2020-09-01T15:48:36.704826,28.0989098,-82.7721716,20,3,"Tampa Personal Injury attorneys Tampa, Florida, United States",
Fernandez Marcus,http://kfblaw.com/,https://www.google.com/maps/place/?q=place_id:ChIJI8B49HLDwogR3WUElLwBpFI,"3128 W Kennedy Blvd, Tampa, FL 33609",(813) 875-5445,2020-09-01T15:48:36.694096,27.94447,-82.494559,3,1,"Tampa Personal Injury attorneys Tampa, Florida, United States",
Roman & Roman,https://www.romanromanlaw.com/,https://www.google.com/maps/place/?q=place_id:ChIJXY2MtHPDwogRE30qJ_0hcok,"9301 W Hillsborough Ave, Tampa, FL 33615",(877) 767-1032,2020-09-01T15:48:36.692823,28.000012,-82.591417,4,3,"Tampa Personal Injury attorneys Tampa, Florida, United States",
Emerson Straw PL,https://emersonstraw.com/?utm_source=GMBlisting&utm_medium=organic,https://www.google.com/maps/place/?q=place_id:ChIJS1WID53hwogRXfyFbKOMjpU,"1101 Dr M.L.K. Jr St N, St. Petersburg, FL 33701",(727) 821-1500,2020-09-01T15:48:36.704631,27.7830615,-82.6463741,17,23,"Tampa Personal Injury attorneys Tampa, Florida, United States",
"Prugh & Associates, P.A.",http://www.prughlaw.com/,https://www.google.com/maps/place/?q=place_id:ChIJLUgBUYPEwogRgp2BqlKWpVQ,"1009 W Platt St, Tampa, FL 33606",(813) 251-3548,2020-09-01T15:48:36.691164,27.9419441,-82.47029,18,27,"Tampa Personal Injury attorneys Tampa, Florida, United States",
SteinLaw,https://www.steinlaw.com/,https://www.google.com/maps/place/?q=place_id:ChIJo9Jl87HFwogROZPTWySIiyE,"1814 N 15th St, Tampa, FL 33605",(813) 397-6195,2020-09-01T15:48:36.692249,27.9608075,-82.4432179,15,2,"Tampa Personal Injury attorneys Tampa, Florida, United States",
CDB Injury Law - Chris DeBari,https://www.cdbinjurylaw.com/,https://www.google.com/maps/place/?q=place_id:ChIJ5Xcy4BrBwogR1CJegKEJPVU,"3812 W Linebaugh Ave Suite 109, Tampa, FL 33618",(727) 656-7852,2020-09-01T15:48:36.692186,28.0394498,-82.5062504,14,27,"Tampa Personal Injury attorneys Tampa, Florida, United States",
Distasio Law Firm,https://distasiofirm.com/wesley-chapel-personal-injury-lawyer/?utm_source=google&utm_medium=organic&utm_campaign=gmbwesleychapel,https://www.google.com/maps/place/?q=place_id:ChIJh_eVtCqxwogRrAXnljrP5G0,"3848 Flatiron Loop suite 101-6, Wesley Chapel, FL 33544",(813) 437-4424,2020-09-01T15:47:00.091788,28.212939,-82.354618,14,8,"Tampa Personal Injury attorneys Tampa, Florida, United States",
"K LAW, PLLC",https://klawhelp.com/?utm_source=gmb&utm_medium=gmb&utm_campaign=gmb%20local%20seo&utm_term=gmb%20local%20seo,https://www.google.com/maps/place/?q=place_id:ChIJi-aEAFvEwogRALhycak3iQ4,"4326 Central Ave, St. Petersburg, FL 33711",(727) 685-3695,2020-09-01T15:48:36.705568,27.77068,-82.692293,11,23,"Tampa Personal Injury attorneys Tampa, Florida, United States",
Denmon Pearlman,https://denmonpearlman.com/st-petersburg-personal-injury-lawyer/,https://www.google.com/maps/place/?q=place_id:ChIJVVWFZIThwogRsFAnJFz8mnk,"520 2nd Ave S, St. Petersburg, FL 33701",(727) 493-5610,2020-09-01T15:48:36.703986,27.7692536,-82.6406208,7,206,"Tampa Personal Injury attorneys Tampa, Florida, United States",
Hinshaw & Culbertson LLP,http://www.hinshawlaw.com/,https://www.google.com/maps/place/?q=place_id:ChIJGywaNozEwogRQV6wN0GBh3Q,"100 Ashley Dr S #500, Tampa, FL 33602",(813) 276-1662,2020-09-01T15:48:36.706791,27.9447272,-82.4578801,10,3,"Tampa Personal Injury attorneys Tampa, Florida, United States",
Joyce & Reyes Law Firm,http://www.joyceandreyespa.com/,https://www.google.com/maps/place/?q=place_id:ChIJ7_52AZDEwogRYst-Su7Dyzo,"307 S Hyde Park Ave, Tampa, FL 33606",(813) 251-2007,2020-09-01T15:48:36.691036,27.9409511,-82.4642684,16,59,"Tampa Personal Injury attorneys Tampa, Florida, United States",
Larson Johnson,https://www.larsonjohnsonlaw.com/,https://www.google.com/maps/place/?q=place_id:ChIJjWhLEYzEwogR7Ck9Doxl9Oo,"2011 W Cleveland St, Tampa, FL 33606",(813) 228-6688,2020-09-01T15:48:36.702899,27.9434708,-82.4806439,10,7,"Tampa Personal Injury attorneys Tampa, Florida, United States",
Rinaldo Law Group,https://www.tampainjuryaccidentlaw.com/,https://www.google.com/maps/place/?q=place_id:ChIJ7QCmDTDDwogRzapuRDf3_K0,"3800 W Bay to Bay Blvd STE 11, Tampa, FL 33629",(813) 831-9999,2020-09-01T15:48:36.690717,27.919574,-82.5065572,11,87,"Tampa Personal Injury attorneys Tampa, Florida, United States",
"Harmon Parker, P.A.",https://www.harmonparkerlaw.com/?utm_source=GMB&utm_medium=Organic&utm_campaign=Products_Tampa,https://www.google.com/maps/place/?q=place_id:ChIJT0Kfm_bEwogRdjKPQGH5soY,"110 N 11th St 2nd Floor, Tampa, FL 33602",(813) 452-4144,2020-09-01T15:48:36.694224,27.9481207,-82.4478981,5,18,"Tampa Personal Injury attorneys Tampa, Florida, United States",
Wilkes & McHugh,http://www.wilkesmchugh.com/,https://www.google.com/maps/place/?q=place_id:ChIJFZ9nTg7DwogRxefE98YN2TQ,"1 N Dale Mabry Hwy Suite 700, Tampa, FL 33609",(813) 873-0026,2020-09-01T15:48:36.694160,27.9453217,-82.5049759,4,15,"Tampa Personal Injury attorneys Tampa, Florida, United States",
Percy Martinez Medical Malpractice Lawyers,https://percymartinezlaw.com/tampa/medical-malpractice-lawyer/,https://www.google.com/maps/place/?q=place_id:ChIJD9J4qlvEwogRcrsCibUIHuQ,"1228 E 7th Ave #223, Tampa, FL 33605",(813) 371-0384,2020-09-01T15:48:36.690260,27.9604986,-82.4456773,4,26,"Tampa Personal Injury attorneys Tampa, Florida, United States",
Jones Law Group,http://jlgtampabay.com/,https://www.google.com/maps/place/?q=place_id:ChIJoyqVyDbjwogRG3bTfv7Zl4U,"5622 Central Ave, St. Petersburg, FL 33710",(727) 571-1333,2020-09-01T15:48:36.704696,27.7705773,-82.7098469,18,36,"Tampa Personal Injury attorneys Tampa, Florida, United States",
Stringer Lawfirm,https://stringerlawfirm.com/,https://www.google.com/maps/place/?q=place_id:ChIJe3daiGbEwogRhlehOgtmwqI,"1808 N Morgan St A, Tampa, FL 33602",(813) 874-5555,2020-09-01T15:48:36.706918,27.96106,-82.4582376,12,12,"Tampa Personal Injury attorneys Tampa, Florida, United States",
"Smith & Stallworth, Attorneys at Law",https://www.smithstallworth.com/?utm_source=GMB&utm_medium=organic&utm_campaign=Tampa,https://www.google.com/maps/place/?q=place_id:ChIJp8j78IvEwogRZWYIdSVWtIw,"201 E Kennedy Blvd Suite 1475, Tampa, FL 33602",(813) 223-7799,2020-09-01T15:48:36.693026,27.9471415,-82.45816,7,11,"Tampa Personal Injury attorneys Tampa, Florida, United States",
Tison Law Group,http://www.tisonlawgroup.com/,https://www.google.com/maps/place/?q=place_id:ChIJfTvL7S7BwogRtzSSCSWBTfs,"9312 N Armenia Ave, Tampa, FL 33612",(813) 739-1776,2020-09-01T15:48:36.691739,28.0346471,-82.4843824,7,13,"Tampa Personal Injury attorneys Tampa, Florida, United States",
"The Law Firm of Vanessa L. Albaum, PLLC",http://vlalegal.com/,https://www.google.com/maps/place/?q=place_id:ChIJLZ_O51DhwogRU1fTefaJnBk,"146 2nd St N Suite 310-C, St. Petersburg, FL 33701",(727) 233-4233,2020-09-01T15:48:36.704566,27.7731148,-82.6358763,16,13,"Tampa Personal Injury attorneys Tampa, Florida, United States",
"Sammis Law Firm, P.A.",https://www.criminaldefenseattorneytampa.com/,https://www.google.com/maps/place/?q=place_id:ChIJCfiU72HEwogRbIlg4o97-7o,1005 N Marion St · In Floridian Legal Center,(813) 250-0500,2020-09-01T15:48:36.703476,27.9532609,-82.4581485,19,65,"Tampa Personal Injury attorneys Tampa, Florida, United States",
Wilkes & McHugh,http://www.wilkesmchugh.com/,https://www.google.com/maps/place/?q=place_id:ChIJFZ9nTg7DwogRODtskTfRBu8,"1 N Dale Mabry Hwy # 800, Tampa, FL 33609",(813) 873-0026,2020-09-01T15:48:36.692441,27.9452509,-82.5049318,18,,"Tampa Personal Injury attorneys Tampa, Florida, United States",
Perenich The Law Firm,https://perenichlaw.com/personal-injury-attorneys-clearwater-fl/,https://www.google.com/maps/place/?q=place_id:ChIJ9QFkdATuwogR3MeqzPcqKJs,"25749 US Hwy 19 N Suite 200, Clearwater, FL 33763",(727) 500-1499,2020-09-01T15:47:00.091854,28.0059936,-82.7289505,15,63,"Tampa Personal Injury attorneys Tampa, Florida, United States",
Melkonian Law Office,http://www.thecrashlawyer.com/index.php,https://www.google.com/maps/place/?q=place_id:ChIJGwdp_HzDwogRn8OTGH7enIM,"117 S Albany Ave, Tampa, FL 33606",(813) 941-4790,2020-09-01T15:48:36.702444,27.9434946,-82.4811666,3,,"Tampa Personal Injury attorneys Tampa, Florida, United States",
Distasio Law Firm,https://distasiofirm.com/tampa-personal-injury-lawyer/?utm_source=google&utm_medium=organic&utm_campaign=gmbtampa,https://www.google.com/maps/place/?q=place_id:ChIJ6Zp8O3nDwogRg8Hf99S7Wbg,"1112 Channelside Dr #5, Tampa, FL 33602",(813) 412-8277,2020-09-01T15:48:36.690844,27.9507617,-82.4458202,13,37,"Tampa Personal Injury attorneys Tampa, Florida, United States",
"Papa & Gipe, P.A.",http://www.papaandgipe.com/,https://www.google.com/maps/place/?q=place_id:ChIJbaLHR07wwogRfShdSVI716Y,"1724 Gulf to Bay Blvd, Clearwater, FL 33755",(727) 461-4357,2020-09-01T15:48:36.706275,27.961005,-82.7656,2,20,"Tampa Personal Injury attorneys Tampa, Florida, United States",
"Carlson Meissner Hart & Hayslett, P.A.",https://carlsonmeissner.com/clearwater/,https://www.google.com/maps/place/?q=place_id:ChIJjxUx1gyNwogRpb4hKte0zJo,"250 N Belcher Rd. STE 102, Clearwater, FL 33765",(727) 234-8119,2020-09-01T15:47:00.094665,27.969767,-82.7470618,17,236,"Tampa Personal Injury attorneys Tampa, Florida, United States",
Vanguard Attorneys,http://www.vanguardattorneys.com/,https://www.google.com/maps/place/?q=place_id:ChIJs6K7x1vEwogRqVqrDi7hKxg,"1220 E 5th Ave, Tampa, FL 33605",(813) 737-7361,2020-09-01T15:48:36.693489,27.9590198,-82.4462621,14,10,"Tampa Personal Injury attorneys Tampa, Florida, United States",
Law Office of W.F. ''Casey'' Ebsary Jr,https://www.centrallaw.com/,https://www.google.com/maps/place/?q=place_id:ChIJV8JZy_fEwogR0YPGZA5cWio,"2102 W Cleveland St, Tampa, FL 33606",(813) 222-2220,2020-09-01T15:48:36.703156,27.9431541,-82.4811694,14,24,"Tampa Personal Injury attorneys Tampa, Florida, United States",
"Christopher N. Ligori, Esq.",http://www.ligorilaw.com/our-firm/attorneys/christopher-ligori,https://www.google.com/maps/place/?q=place_id:ChIJHTpT4YLEwogRDrlVfiFty6A,"117 S Willow Ave, Tampa, FL 33606",(813) 223-2929,2020-09-01T15:48:36.691995,27.943411,-82.4729037,11,,"Tampa Personal Injury attorneys Tampa, Florida, United States",
Galewski Stanley J,http://www.galewski.com/,https://www.google.com/maps/place/?q=place_id:ChIJp8j78IvEwogRRYQ6zmo0SQ8,"412 E Madison St #1106, Tampa, FL 33602",(813) 222-8210,2020-09-01T15:48:36.705824,27.9489947,-82.4570414,15,9,"Tampa Personal Injury attorneys Tampa, Florida, United States",
"Richard A. Bokor, P.A.",https://bokorlaw.com/,https://www.google.com/maps/place/?q=place_id:ChIJyafIh7_EwogRxNDztoRa7pI,"230 E Davis Blvd, Tampa, FL 33606",(813) 251-1000,2020-09-01T15:48:36.694288,27.9266839,-82.4537346,6,4,"Tampa Personal Injury attorneys Tampa, Florida, United States",
The Florida Law Group,https://www.thefloridalawgroup.com/brandon/,https://www.google.com/maps/place/?q=place_id:ChIJLZ4l-nfOwogRcjju8nCOMIY,"1111 Oakfield Dr, Brandon, FL 33511",(813) 694-3601,2020-09-01T15:48:36.697077,27.9336394,-82.2998643,6,9,"Tampa Personal Injury attorneys Tampa, Florida, United States",
Franco Law Firm,http://www.francofirm.com/,https://www.google.com/maps/place/?q=place_id:ChIJn3NbS_LDwogRAjrf1RysE50,"800 W Dr Martin Luther King Jr Blvd #1, Tampa, FL 33603",(813) 872-0929,2020-09-01T15:47:00.085312,27.981258,-82.4698426,2,21,"Tampa Personal Injury attorneys Tampa, Florida, United States",
Slater | Grant,https://www.slatergrant.com/,https://www.google.com/maps/place/?q=place_id:ChIJR3OV3KSwwogRlrJ88m1VxX4,"14502 N Dale Mabry Hwy #104, Tampa, FL 33618",(813) 995-6444,2020-09-01T15:48:36.697178,28.0803693,-82.5082266,7,33,"Tampa Personal Injury attorneys Tampa, Florida, United States",
Franchi Injury Law,https://franchilaw.com/riverview-florida/,https://www.google.com/maps/place/?q=place_id:ChIJ0w-lykTXwogR0vwN-iCXmJI,"13134 Vail Ridge Dr Suite 4, Riverview, FL 33579",(813) 800-4529,2020-09-01T15:48:36.705504,27.794785,-82.329929,10,17,"Tampa Personal Injury attorneys Tampa, Florida, United States",
"Holliday Karatinos Law Firm, PLLC",https://www.helpinginjuredpeople.com/lutz/?utm_source=local&utm_medium=organic&utm_campaign=gmb,https://www.google.com/maps/place/?q=place_id:ChIJg-wbt9y-wogRpVkfPg37Io0,"18920 N Dale Mabry Hwy #101, Lutz, FL 33548",(813) 605-1417,2020-09-01T15:48:36.702834,28.15163,-82.492645,9,41,"Tampa Personal Injury attorneys Tampa, Florida, United States",
"Daniel J. Fernandez, Esq.",https://criminaldefenselawyertampa.com/,https://www.google.com/maps/place/?q=place_id:ChIJ5S8C0pLEwogR-ZIWdv_irF0,"3002 W Kennedy Blvd, Tampa, FL 33609",(813) 229-5353,2020-09-01T15:48:36.695454,27.9445275,-82.4914286,4,310,"Tampa Personal Injury attorneys Tampa, Florida, United States",
"Burnetti, P.A.",https://www.burnetti.com/tampa/,https://www.google.com/maps/place/?q=place_id:ChIJd3s_2OzEwogRoc-8FV8FOWY,1000 N Ashley Dr #800 · In Tampa Bay Times,(813) 603-2114,2020-09-01T15:48:36.690587,27.9520938,-82.4622865,9,40,"Tampa Personal Injury attorneys Tampa, Florida, United States",
Jodat Law Group P.A.,https://jodatlawgroup.com/,https://www.google.com/maps/place/?q=place_id:ChIJM-JmwwLDwogRiJbMFxU-amY,"8270 Woodland Center Blvd #106, Tampa, FL 33614",(813) 225-7200,2020-09-01T15:48:36.696028,28.0249903,-82.5247198,13,4,"Tampa Personal Injury attorneys Tampa, Florida, United States",
Christopher Ligori & Associates,http://www.ligorilaw.com/riverview-fl,https://www.google.com/maps/place/?q=place_id:ChIJ81WV1NDRwogRfjeznwqTBwc,"10101 Bloomingdale Ave #204, Riverview, FL 33578",(813) 280-4722,2020-09-01T15:48:36.703092,27.8932613,-82.3367952,13,4,"Tampa Personal Injury attorneys Tampa, Florida, United States",
Fernandez Law Group,https://thefernandezlawgroup.com/,https://www.google.com/maps/place/?q=place_id:ChIJ0RuO73nDwogR4T8gIqgZo1E,"506 N Armenia Ave, Tampa, FL 33609",(813) 489-3222,2020-09-01T15:48:36.692760,27.948972,-82.485388,3,72,"Tampa Personal Injury attorneys Tampa, Florida, United States",
"Dennis Hernandez & Associates, PA",https://www.dennishernandez.com/auto-accident-attorney-tampa/,https://www.google.com/maps/place/?q=place_id:ChIJ-yCxDg3DwogREGmPaQDCgVU,"3339 W Kennedy Blvd, Tampa, FL 33609",(813) 250-0000,2020-09-01T15:48:36.690909,27.945048,-82.499198,14,213,"Tampa Personal Injury attorneys Tampa, Florida, United States",
The Florida Law Group,http://www.thefloridalawgroup.com/,https://www.google.com/maps/place/?q=place_id:ChIJt86Cz5DHwogRA5ILxcRY7TE,"407 N Howard Ave, Tampa, FL 33606",(813) 463-8880,2020-09-01T15:48:36.692896,27.9482027,-82.4828314,5,142,"Tampa Personal Injury attorneys Tampa, Florida, United States",
Wagner McLaughlin,http://www.wagnerlaw.com/,https://www.google.com/maps/place/?q=place_id:ChIJXYWLMovEwogRwqMmabbhtHI,601 Bayshore Blvd Suite 910 · In The Bank of Tampa,(813) 225-4000,2020-09-01T15:48:36.691611,27.93774,-82.4652379,5,12,"Tampa Personal Injury attorneys Tampa, Florida, United States",
Yonker Marc,http://www.wintersandyonker.com/CM/Custom/Bio/MarcYonker.html,https://www.google.com/maps/place/?q=place_id:ChIJITCbT5rEwogRoH7F8dtgJs8,"601 W Swann Ave # A, Tampa, FL 33606",(888) 373-7770,2020-09-01T15:48:36.706982,27.9374282,-82.4662076,13,1,"Tampa Personal Injury attorneys Tampa, Florida, United States",
Morgan & Morgan,https://www.forthepeople.com/west-tampa/,https://www.google.com/maps/place/?q=place_id:ChIJK4ZVoL7DwogR7u5YTQ4Iqso,"3705 N Himes Ave, Tampa, FL 33607",(813) 229-4030,2020-09-01T15:48:36.690129,27.9724444,-82.5011619,2,178,"Tampa Personal Injury attorneys Tampa, Florida, United States",
Terence Perenich,https://perenichlaw.com/,https://www.google.com/maps/place/?q=place_id:ChIJOzjncwTuwogRmbBknD4X6pI,"25749 US Hwy 19 N #200, Clearwater, FL 33763",(727) 500-2166,2020-09-01T15:47:00.091522,28.0060055,-82.7289035,10,,"Tampa Personal Injury attorneys Tampa, Florida, United States",
Medina Law Firm,http://www.medinalawfirm.com/,https://www.google.com/maps/place/?q=place_id:ChIJud2K7JrEwogRTqRdlbBUgiU,"305 S Magnolia Ave, Tampa, FL 33606",(813) 258-5838,2020-09-01T15:48:36.694942,27.9412457,-82.4659792,16,19,"Tampa Personal Injury attorneys Tampa, Florida, United States",
Dan Newlin Injury Attorneys,https://www.newlinlaw.com/,https://www.google.com/maps/place/?q=place_id:ChIJkanyvojDwogRH4dFaGHOm4A,1408 N Westshore Blvd Suite 400 · In Towers At Westshore,(813) 888-8000,2020-09-01T15:48:36.690062,27.9553378,-82.5255601,1,64,"Tampa Personal Injury attorneys Tampa, Florida, United States",
Melkonian & Associates,http://www.thecrashlawyer.com/,https://www.google.com/maps/place/?q=place_id:ChIJ2dt2XXvDwogRVm-fBX_MUPM,"117 S Albany Ave, Tampa, FL 33606",(813) 250-0115,2020-09-01T15:48:36.693707,27.9434946,-82.4811666,17,40,"Tampa Personal Injury attorneys Tampa, Florida, United States",
Viñas & DeLuca Tampa Personal Injury Lawers,https://www.vdlegal.com/,https://www.google.com/maps/place/?q=place_id:ChIJAQhA-X7DwogRdsCfH1Q3rK0,"506 N Armenia Ave, Tampa, FL 33609",(813) 489-3222,2020-09-01T15:48:36.691100,27.9489859,-82.4853016,17,,"Tampa Personal Injury attorneys Tampa, Florida, United States",
Ogletree Deakins,https://www.ogletree.com/,https://www.google.com/maps/place/?q=place_id:ChIJjWhLEYzEwogR9_F6J6NRnF8,"100 N Tampa St Suite 3600, Tampa, FL 33602",(813) 289-1247,2020-09-01T15:47:00.094534,27.9454977,-82.4582748,15,3,"Tampa Personal Injury attorneys Tampa, Florida, United States",
Injury Florida Law Firm,https://injuryfloridalawfirm.com/?utm_campaign=gmb,https://www.google.com/maps/place/?q=place_id:ChIJMQlxXhDDwogRz90yXkJMDWk,"3310 S West Shore Blvd, Tampa, FL 33629",(813) 491-8264,2020-09-01T15:47:00.092059,27.9150911,-82.5263313,18,7,"Tampa Personal Injury attorneys Tampa, Florida, United States",
Rubenstein Law,https://rubensteinlaw.com/,https://www.google.com/maps/place/?q=place_id:ChIJi84beYvEwogRO8Hh70PxbT0,"SunTrust Financial Centre, 401, E Jackson St #1410, Tampa, FL 33602",(813) 605-7270,2020-09-01T15:48:36.690391,27.946761,-82.456278,6,148,"Tampa Personal Injury attorneys Tampa, Florida, United States",
"Ligori & Ligori, Attorneys at Law: Keith Ligori",https://www.callmeonmycell.com/,https://www.google.com/maps/place/?q=place_id:ChIJvxrfx3vDwogRIo3fQP6OWhI,"1711 W Kennedy Blvd 3rd floor, Tampa, FL 33606",(813) 254-7119,2020-09-01T15:48:36.693154,27.9449555,-82.4775913,9,96,"Tampa Personal Injury attorneys Tampa, Florida, United States",
The Fran Haasch Law Group,https://www.lawfran.com/locations/palm-harbor-personal-injury-attorney/?utm_source=GMB&utm_medium=organic&utm_campaign=PalmHarbor,https://www.google.com/maps/place/?q=place_id:ChIJVYa21e7ywogRYOtzxYwHf_Y,"1275 Nebraska Ave, Palm Harbor, FL 34683",(727) 784-8191,2020-09-01T15:48:36.704051,28.079312,-82.764389,8,350,"Tampa Personal Injury attorneys Tampa, Florida, United States",
Franchi Injury Law,https://franchilaw.com/,https://www.google.com/maps/place/?q=place_id:ChIJD9J4qlvEwogRbbUGpOA-qQM,"217 N Howard Ave STE 104, Tampa, FL 33606",(813) 800-4529,2020-09-01T15:48:36.695198,27.946764,-82.482693,20,67,"Tampa Personal Injury attorneys Tampa, Florida, United States",
Denmon Pearlman - Tampa,https://denmonpearlman.com/,https://www.google.com/maps/place/?q=place_id:ChIJu8nmfITEwogRDVR7h2Uk5xs,"2504 W Crest Ave, Tampa, FL 33614",(813) 554-3232,2020-09-01T15:48:36.692632,27.9935972,-82.4849326,1,130,"Tampa Personal Injury attorneys Tampa, Florida, United States",
Pipas Law Group St. Petersburg,https://pipaslaw.com/st-petersburg-fl-personal-injury-lawyers/,https://www.google.com/maps/place/?q=place_id:ChIJtciVT4PhwogRnN9SANc0uKo,"360 Central Ave #1570, St. Petersburg, FL 33701",(727) 888-3925,2020-09-01T15:48:36.702315,27.7706693,-82.6377652,1,38,"Tampa Personal Injury attorneys Tampa, Florida, United States",
Roman & Roman,https://www.romanromanlaw.com/,https://www.google.com/maps/place/?q=place_id:ChIJSy6GZgPywogRBzXfnKm0G94,"2274 FL-580, Clearwater, FL 33763",(727) 736-2515,2020-09-01T15:48:36.704437,28.019703,-82.743857,14,59,"Tampa Personal Injury attorneys Tampa, Florida, United States",
Bernstein Law,https://www.lawbernstein.com/,https://www.google.com/maps/place/?q=place_id:ChIJkyrDb-XjwogR0Gkk4jyQweI,"1430 20th Ave N, St. Petersburg, FL 33704",(727) 209-7957,2020-09-01T15:48:36.704502,27.7900318,-82.6535135,15,47,"Tampa Personal Injury attorneys Tampa, Florida, United States",
Baird Law Group,http://bairdlawgroup.com/,https://www.google.com/maps/place/?q=place_id:ChIJG88ibIvEwogRuoZmLjnegp4,"214 S Armenia Ave, Tampa, FL 33609",(813) 849-2679,2020-09-01T15:48:36.692696,27.9423405,-82.4848151,2,15,"Tampa Personal Injury attorneys Tampa, Florida, United States",
"Parks & Braxton, PA",https://www.tampaduidefenders.com/,https://www.google.com/maps/place/?q=place_id:ChIJp8j78IvEwogRM3FYjo7Hl5g,"602 S Boulevard, Tampa, FL 33606",(813) 708-5388,2020-09-01T15:48:36.707173,27.938674,-82.468312,16,113,"Tampa Personal Injury attorneys Tampa, Florida, United States",
Winer Law Group,http://www.mikewinerlaw.com/,https://www.google.com/maps/place/?q=place_id:ChIJT0Kfm_bEwogRtEk0aODwaHg,"110 N 11th St 1st floor, Tampa, FL 33602",(813) 224-0000,2020-09-01T15:48:36.694621,27.9481207,-82.4478981,11,19,"Tampa Personal Injury attorneys Tampa, Florida, United States",
Germain Law Group,http://www.germainlawgroup.com/,https://www.google.com/maps/place/?q=place_id:ChIJI59RgDfDwogRXG5fygBnlkI,"3412 W Bay to Bay Blvd Suite K, Tampa, FL 33629",(813) 835-8888,2020-09-01T15:48:36.702509,27.9195228,-82.4994656,4,5,"Tampa Personal Injury attorneys Tampa, Florida, United States",
"Teresa P. Williams, P.A.",https://www.teresawilliamspa.com/?utm_source=GMB&utm_medium=Website%20Click&utm_campaign=Main%20Button,https://www.google.com/maps/place/?q=place_id:ChIJe_YBFsPxwogRA-dXRidux5g,"1822 N Belcher Rd. STE 201, Clearwater, FL 33765",(727) 485-9788,2020-09-01T15:48:36.703795,27.9873863,-82.7468301,4,21,"Tampa Personal Injury attorneys Tampa, Florida, United States",
Franco Law Group,http://www.franco-law.com/,https://www.google.com/maps/place/?q=place_id:ChIJn_aqt3vDwogRfH93HnMGSS4,"215 N Howard Ave #101, Tampa, FL 33606",(813) 873-0180,2020-09-01T15:48:36.701567,27.9462577,-82.4828436,10,33,"Tampa Personal Injury attorneys Tampa, Florida, United States",
"The Law Offices of Michael R. Herron, P.A.",https://www.accidenttampa.com/,https://www.google.com/maps/place/?q=place_id:ChIJ1VENmcrAwogRXTJWVuRgjlo,"1213 W Fletcher Ave, Tampa, FL 33612",(813) 258-4878,2020-09-01T15:48:36.696284,28.06913,-82.471083,17,62,"Tampa Personal Injury attorneys Tampa, Florida, United States",
"Michael J. Rossi, PA",http://www.thetampainjurylawyer.com/,https://www.google.com/maps/place/?q=place_id:ChIJb8TLYHvDwogRyZ03dI4CAOI,"115 S Albany Ave, Tampa, FL 33606",(813) 253-3351,2020-09-01T15:48:36.694749,27.9436249,-82.4811098,13,16,"Tampa Personal Injury attorneys Tampa, Florida, United States",
Brooks Law Group,https://www.brookslawgroup.com/winter-haven/?utm_source=google&utm_medium=gmb&utm_campaign=local-listing_winterhaven,https://www.google.com/maps/place/?q=place_id:ChIJ-Yd3-OYS3YgRQ61cwWKwdXc,"123 1st St N, Winter Haven, FL 33881",(863) 251-9407,2020-09-01T15:48:36.706340,28.0236879,-81.7271254,3,442,"Tampa Personal Injury attorneys Tampa, Florida, United States",
"Williams Law, P.A.",https://www.williamspa.com/,https://www.google.com/maps/place/?q=place_id:ChIJPQyHF33DwogRmd79-HLMSXg,"1715 W Cleveland St, Tampa, FL 33606",(813) 288-4999,2020-09-01T15:48:36.702639,27.9434649,-82.4776711,6,31,"Tampa Personal Injury attorneys Tampa, Florida, United States",
Action Legal Group,https://actionlegalgroup.com/,https://www.google.com/maps/place/?q=place_id:ChIJj8ccNUD7wogRIc1zIEZlG3I,"203 N Marion St, Tampa, FL 33602",(877) 466-4494,2020-09-01T15:48:36.694814,27.9472387,-82.4554524,14,,"Tampa Personal Injury attorneys Tampa, Florida, United States",
1-800-INJURED,https://1800injured.care/tampa/,https://www.google.com/maps/place/?q=place_id:ChIJ182uLknDwogRiV9I42PXEuM,"3902 Henderson Blvd Suite 208 - 1036, Tampa, FL 33629",(813) 344-2116,2020-09-01T15:48:36.694493,27.9312814,-82.5081623,9,,"Tampa Personal Injury attorneys Tampa, Florida, United States",
"The Fraley Law Firm, P.A.",http://www.fraleylawfirm.com/,https://www.google.com/maps/place/?q=place_id:ChIJzymuUGXDwogREhpIkOR7JE0,"412 E Madison St, Tampa, FL 33602",(813) 229-8300,2020-09-01T15:48:36.695711,27.9490847,-82.4571397,8,29,"Tampa Personal Injury attorneys Tampa, Florida, United States",
Byrd & Gonzalez,https://www.byrdandgonzalezlaw.com/,https://www.google.com/maps/place/?q=place_id:ChIJF2eeeQPDwogRN0X6c2NbcOQ,"1915 N Howard Ave, Tampa, FL 33607",(813) 281-8801,2020-09-01T15:48:36.693425,27.9591021,-82.4827216,13,15,"Tampa Personal Injury attorneys Tampa, Florida, United States",
"Trentalange & Kelley, PA",http://trentalange.com/,https://www.google.com/maps/place/?q=place_id:ChIJ5S8C0pLEwogR_ESSEsiGMg8,"218 N Dale Mabry Hwy, Tampa, FL 33609",(813) 226-1080,2020-09-01T15:48:36.706663,27.9463586,-82.5059474,8,13,"Tampa Personal Injury attorneys Tampa, Florida, United States",
"Morgenstern & Herd, PLLC",https://www.morgensternandherd.com/personal-injury-attorneys-palm-harbor-fl/,https://www.google.com/maps/place/?q=place_id:ChIJMVCQvBLDwogRtk0VryZULBI,"800 Tarpon Woods Blvd Suite F-1, Palm Harbor, FL 34685",(813) 530-2002,2020-09-01T15:48:36.702250,28.0890159,-82.6985109,20,14,"Tampa Personal Injury attorneys Tampa, Florida, United States",
"Law Office of Dan Zohar, PA",https://dzfirm.com/,https://www.google.com/maps/place/?q=place_id:ChIJYfBWY5_BwogRaozMobKNJaI,"6549 Gunn Hwy, Tampa, FL 33625",(813) 935-9448,2020-09-01T15:48:36.701797,28.0658117,-82.559764,13,14,"Tampa Personal Injury attorneys Tampa, Florida, United States",
Goudie & Kohn Pa: Kohn Kimberley M,http://www.goudiekohn.com/attorney-profiles/kim-kohn/,https://www.google.com/maps/place/?q=place_id:ChIJfUWpN4nEwogREecRFHvZL1s,"3004 W Cypress St, Tampa, FL 33609",(813) 413-2424,2020-09-01T15:48:36.705440,27.9519628,-82.4915678,9,3,"Tampa Personal Injury attorneys Tampa, Florida, United States",
"Boohoff Law, P.A.",https://www.brandonpersonalinjurylawfirm.com/?utm_source=GMB&utm_medium=organic&utm_campaign=Brandon,https://www.google.com/maps/place/?q=place_id:ChIJyR0LlnfSwogRwFAgJ3oVOEA,"150 E Bloomingdale Ave, Brandon, FL 33511",(813) 321-7878,2020-09-01T15:47:00.085394,27.895342,-82.283936,3,219,"Tampa Personal Injury attorneys Tampa, Florida, United States",
Matthews Injury Law,https://matthewspersonalinjurylaw.com/personal-injury-law/,https://www.google.com/maps/place/?q=place_id:ChIJe_7cCIvEwogR-AQMdv47sus,"500 E Kennedy Blvd UNIT 217, Tampa, FL 33602",(813) 519-6274,2020-09-01T15:48:36.692122,27.9485581,-82.4560549,13,33,"Tampa Personal Injury attorneys Tampa, Florida, United States",
Pipas Law Group Tampa,https://pipaslaw.com/personal-injury-lawyers-tampa/,https://www.google.com/maps/place/?q=place_id:ChIJcyH30uPFwogReEDyBALvvFc,"100 Ashley Dr S Suite 1750, Tampa, FL 33602",(727) 888-3925,2020-09-01T15:48:36.692377,27.9444574,-82.4578222,17,,"Tampa Personal Injury attorneys Tampa, Florida, United States",
"Mark H. Wright, PLLC",https://www.markwrightlaw.com/,https://www.google.com/maps/place/?q=place_id:ChIJG23X6RLDwogRIhOk17sObyM,"601 Bayshore Blvd Suite 700, Tampa, FL 33609",(813) 425-2020,2020-09-01T15:48:36.693642,27.9377589,-82.465281,16,3,"Tampa Personal Injury attorneys Tampa, Florida, United States",
The Ruth Law Team,https://getjustice.com/locations/st-petersburg-fl/?utm_source=Google&utm_medium=Local&utm_campaign=Local_Listing&utm_term=StPete&utm_content=LocationPg,https://www.google.com/maps/place/?q=place_id:ChIJ3e-_Bp3hwogRlHw3UnegKWg,"8600 4th St N, St. Petersburg, FL 33702",(727) 327-3222,2020-09-01T15:48:36.702057,27.8508858,-82.6391608,17,43,"Tampa Personal Injury attorneys Tampa, Florida, United States",
Spinner Law Firm - Personal Injury Lawyer Wesley Chapel - Auto Accident Attorney,https://spinnerlawfirm.com/,https://www.google.com/maps/place/?q=place_id:ChIJ1VqAMgexwogRo4caCWTtlgo,"2418 Cypress Glen Dr Ground Floor, Wesley Chapel, FL 33544",(813) 991-5099,2020-09-01T15:48:36.696413,28.1919808,-82.3732002,19,39,"Tampa Personal Injury attorneys Tampa, Florida, United States",
Hanlon Law,https://www.criminalattorneytampa.net/,https://www.google.com/maps/place/?q=place_id:ChIJ39Uq_ovEwogRLJaaURVX4JU,"210 Pierce St, Tampa, FL 33602",(813) 228-7095,2020-09-01T15:48:36.705759,27.9476764,-82.4543098,14,36,"Tampa Personal Injury attorneys Tampa, Florida, United States",
The Fraley Law Firm P.A. (A+ rating),https://www.fraleylawfirm.com/,https://www.google.com/maps/place/?q=place_id:ChIJw_ArUWXDwogRzmF7t5QizZY,"412 E Madison St UNIT 1213, Tampa, FL 33602",(813) 229-8300,2020-09-01T15:48:36.701927,27.949071,-82.457117,15,,"Tampa Personal Injury attorneys Tampa, Florida, United States",
"The Palmer Law Firm, P.A.",https://www.palmerinjurylaw.com/,https://www.google.com/maps/place/?q=place_id:ChIJmQ6zLqS_wogRx2YCZShdT7g,"17543 Darby Ln, Lutz, FL 33558",(813) 506-5651,2020-09-01T15:48:36.696732,28.1276037,-82.5240978,4,15,"Tampa Personal Injury attorneys Tampa, Florida, United States",
Dismuke Law - 1-800-ASK-DAVE,https://www.dismukelaw.com/?utm_source=GMB&utm_medium=organic&utm_campaign=Lakeland,https://www.google.com/maps/place/?q=place_id:ChIJweeGslJH3YgRmESfhBj1_RA,"1920 Florida Ave S, Lakeland, FL 33803",(863) 292-6922,2020-09-01T15:47:00.094465,28.019672,-81.956728,14,64,"Tampa Personal Injury attorneys Tampa, Florida, United States",
Fernandez & Hernandez LLC,https://injurylawyersoftampa.com/,https://www.google.com/maps/place/?q=place_id:ChIJHTyJiXHDwogRWcc2XQKR9Eg,"3002 W Kennedy Blvd, Tampa, FL 33609",(813) 229-5353,2020-09-01T15:48:36.690522,27.9446298,-82.4914371,8,227,"Tampa Personal Injury attorneys Tampa, Florida, United States",
Bulluck Law Group,https://bullucklawgroup.com/st-petersburg/,https://www.google.com/maps/place/?q=place_id:ChIJSUkiMLzhwogRV4xdS6b4EwI,"560 1st Ave N, St. Petersburg, FL 33701",(727) 674-1477,2020-09-01T15:47:00.092255,27.7717902,-82.6412977,1,10,"Tampa Personal Injury attorneys Tampa, Florida, United States",
"The Law Offices of John V. Orrick, PL",http://www.orrickinjurylaw.com/Contact-Us.aspx,https://www.google.com/maps/place/?q=place_id:ChIJAQCwU9fBwogRzM1blzh5vPw,"6946 W Linebaugh Ave, Tampa, FL 33625",(813) 283-5868,2020-09-01T15:48:36.696477,28.0398278,-82.5566672,20,2,"Tampa Personal Injury attorneys Tampa, Florida, United States",
"Lewis Brisbois Bisgaard & Smith, LLP",http://www.lewisbrisbois.com/,https://www.google.com/maps/place/?q=place_id:ChIJIY0gpiXPwogROsA_rlxu6Ho,"401 E Jackson St #3400, Tampa, FL 33602",(813) 739-1900,2020-09-01T15:48:36.707365,27.9467367,-82.4563478,19,2,"Tampa Personal Injury attorneys Tampa, Florida, United States",
"Shook, Hardy & Bacon L.L.P.",http://www.shb.com/,https://www.google.com/maps/place/?q=place_id:ChIJ49xyF4zEwogRfDVfecB9cGY,"100 N Tampa St #2900, Tampa, FL 33602",(813) 202-7100,2020-09-01T15:48:36.707237,27.9454055,-82.4582711,17,3,"Tampa Personal Injury attorneys Tampa, Florida, United States",
Feldman Legal Group,https://www.floridatrialattorneys.net/?utm_source=local&utm_medium=organic&utm_campaign=GMB,https://www.google.com/maps/place/?q=place_id:ChIJOZC5X9HpwogR3Nx24MmjHGQ,"6940 W Linebaugh Ave #101, Tampa, FL 33625",(813) 639-9366,2020-09-01T15:47:00.085247,28.0396367,-82.5564982,1,19,"Tampa Personal Injury attorneys Tampa, Florida, United States",
"Law Offices of Joseph Vecchioli, P.A.",https://www.joevinjurylaw.com/,https://www.google.com/maps/place/?q=place_id:ChIJUTzWfJrEwogRowi3J8ibUcw,"511 W Bay St Suite 353, Tampa, FL 33606",(813) 930-5532,2020-09-01T15:48:36.693282,27.9384719,-82.4647174,11,9,"Tampa Personal Injury attorneys Tampa, Florida, United States",
The Law Place,https://www.thelawplace.com/offices/clearwater-law-office/,https://www.google.com/maps/place/?q=place_id:ChIJu8WPjHTlwogR2vybcgd5bP8,"4500 140th Ave N Suite #101, Clearwater, FL 33762",(727) 217-9795,2020-09-01T15:48:36.703923,27.8979342,-82.6959288,6,,"Tampa Personal Injury attorneys Tampa, Florida, United States",
Amy A. Catledge; The Ruth Law Team,https://getjustice.com/,https://www.google.com/maps/place/?q=place_id:ChIJ3e-_Bp3hwogRhZ8Iu-1YmHE,"8600 4th St N, St. Petersburg, FL 33702",(727) 327-3222,2020-09-01T15:48:36.703859,27.8509707,-82.6391208,5,,"Tampa Personal Injury attorneys Tampa, Florida, United States",
Hackworth Law PA,https://www.lawservicetampafl.com/,https://www.google.com/maps/place/?q=place_id:ChIJVUflg1rEwogR42KYNU44rPA,"1818 N 15th St, Tampa, FL 33605",(813) 418-7549,2020-09-01T15:48:36.696795,27.960813,-82.443076,5,132,"Tampa Personal Injury attorneys Tampa, Florida, United States",
The Law Offices of Steven J. Glaros & Associates,https://www.glaroslaw.com/,https://www.google.com/maps/place/?q=place_id:ChIJyZja9ozrwogR__2zibfXIiU,"13513 Prestige Pl STE 101, Tampa, FL 33635",(813) 854-1234,2020-09-01T15:48:36.704961,28.034697,-82.640629,2,20,"Tampa Personal Injury attorneys Tampa, Florida, United States",
Fulgencio Law,http://www.fulgencio-law.com/,https://www.google.com/maps/place/?q=place_id:ChIJP9iEanrDwogRz-D2WTAjZ9M,"105 S Edison Ave, Tampa, FL 33606",(813) 463-0123,2020-09-01T15:48:36.691548,27.9440422,-82.4697411,4,24,"Tampa Personal Injury attorneys Tampa, Florida, United States",
"Jose A. Barreiro Law Firm, P.A.",https://www.barreirolegal.com/,https://www.google.com/maps/place/?q=place_id:ChIJQ4LtrnHDwogReCWEiHYpyzo,"2811 W Kennedy Blvd, Tampa, FL 33609",(813) 514-8810,2020-09-01T15:48:36.693553,27.945091,-82.489343,15,6,"Tampa Personal Injury attorneys Tampa, Florida, United States",
Chilson Joshua T atty,https://www.jpfirm.com/people/joshua-t-chilson/,https://www.google.com/maps/place/?q=place_id:ChIJKdOc1N_wwogRsyoJ-XAe6l4,"911 Chestnut St, Clearwater, FL 33756",(727) 461-1818,2020-09-01T15:47:00.094729,27.960276,-82.7935122,18,,"Tampa Personal Injury attorneys Tampa, Florida, United States",
Blick Law Firm,http://www.blicklawfirm.com/,https://www.google.com/maps/place/?q=place_id:ChIJoXnMWAHBwogRm64U8P64wHQ,"3812 Gunn Hwy, Tampa, FL 33618",(813) 931-0840,2020-09-01T15:48:36.695005,28.0370716,-82.5076933,17,10,"Tampa Personal Injury attorneys Tampa, Florida, United States",
Stratigakos Law Firm,http://www.stratigakoslaw.com/,https://www.google.com/maps/place/?q=place_id:ChIJ9fiSsYvEwogRSXzg-XfiVQE,"412 E Madison St # 814, Tampa, FL 33602",(813) 226-0067,2020-09-01T15:48:36.695390,27.948995,-82.457041,3,1,"Tampa Personal Injury attorneys Tampa, Florida, United States",
"Maj Vasigh, PA",https://www.defendtampa.com/?utm_source=GMB&utm_medium=organic&utm_campaign=tampa,https://www.google.com/maps/place/?q=place_id:ChIJXXV9qlvEwogRiGFW9Mb_l7k,,(813) 213-3124,2020-09-01T15:48:36.706404,27.996269,-82.4541978,4,78,"Tampa Personal Injury attorneys Tampa, Florida, United States",
Johnson Marc D,http://www.larsonjohnsonlaw.com/,https://www.google.com/maps/place/?q=place_id:ChIJjWhLEYzEwogR9k-J77xgSqE,"100 N Tampa St # 1965, Tampa, FL 33602",(813) 228-6688,2020-09-01T15:48:36.703539,27.9453966,-82.4582997,20,,"Tampa Personal Injury attorneys Tampa, Florida, United States",
Meksraitis Attorneys at Law,http://meksraitis.com/,https://www.google.com/maps/place/?q=place_id:ChIJAXxybnvDwogR9w6bZA1xLK0,"102 S Westland Ave, Tampa, FL 33606",(813) 250-0885,2020-09-01T15:47:00.082261,27.9441882,-82.4817579,16,4,"Tampa Personal Injury attorneys Tampa, Florida, United States",
McIntyre Thanasides,https://www.mcintyrefirm.com/,https://www.google.com/maps/place/?q=place_id:ChIJfUWpN4nEwogR3Po3pwj8Fak,"500 E Kennedy Blvd #200, Tampa, FL 33602",(844) 511-4800,2020-09-01T15:48:36.701660,27.948558,-82.456055,11,68,"Tampa Personal Injury attorneys Tampa, Florida, United States",
Law Offices Of Martin Schwartz,http://www.martinschwartzlaw.com/,https://www.google.com/maps/place/?q=place_id:ChIJJyMZ-mXqwogRXOIvYftjurc,"8451 W Linebaugh Ave, Tampa, FL 33625",(813) 269-7421,2020-09-01T15:48:36.702770,28.041857,-82.5777415,8,243,"Tampa Personal Injury attorneys Tampa, Florida, United States",
"Matassini Law Firm, PA",https://matassinilawtampa.business.site/?utm_source=gmb&utm_medium=referral,https://www.google.com/maps/place/?q=place_id:ChIJQ4LtrnHDwogRFeqtU9-AwDc,"2811 W Kennedy Blvd, Tampa, FL 33609",(813) 879-6227,2020-09-01T15:48:36.704180,27.9450247,-82.4893553,10,2,"Tampa Personal Injury attorneys Tampa, Florida, United States",
Holland and Lamoureux,http://brandon-personal-injury-lawyer.com/,https://www.google.com/maps/place/?q=place_id:ChIJoypWVNrNwogRtKszhhg3jk0,"611 S Kings Ave, Brandon, FL 33511",(813) 655-9069,2020-09-01T15:48:36.704309,27.9301721,-82.2935939,12,3,"Tampa Personal Injury attorneys Tampa, Florida, United States",
Galewski Law Group P.A.,,https://www.google.com/maps/place/?q=place_id:ChIJuUNiofXEwogR3KmhsWrIsos,"412 E Madison St Suite 1106, Tampa, FL 33602",(813) 222-8210,2020-09-01T15:48:36.703412,27.9490708,-82.4571169,18,18,"Tampa Personal Injury attorneys Tampa, Florida, United States",
Herd Betsey T,https://www.morgensternandherd.com/,https://www.google.com/maps/place/?q=place_id:ChIJMVCQvBLDwogRbfY3zurbcIY,"2002 N Lois Ave # 150, Tampa, FL 33607",(813) 530-2002,2020-09-01T15:48:36.695583,27.9421827,-82.4979636,6,,"Tampa Personal Injury attorneys Tampa, Florida, United States",
Dismuke Law - 1-800-ASK-DAVE,https://www.dismukelaw.com/tampa/?utm_source=GMB&utm_medium=organic&utm_campaign=Tampa,https://www.google.com/maps/place/?q=place_id:ChIJG8A_7orEwogR041S23qIYOU,"620 E Twiggs St Suite 201, Tampa, FL 33602",(863) 292-6922,2020-09-01T15:48:36.695069,27.9504007,-82.4555636,18,21,"Tampa Personal Injury attorneys Tampa, Florida, United States",
"Trial Pro, P.A.",https://www.trialpro.com/tampa/,https://www.google.com/maps/place/?q=place_id:ChIJa88QFMnFwogReZ-CTiC1JrA,"1000 N Ashley Dr Suite 513, Tampa, FL 33602",,2020-09-01T15:48:36.694557,27.9520938,-82.4622865,10,,"Tampa Personal Injury attorneys Tampa, Florida, United States",
"Boohoff Law, P.A.",https://www.boohofflaw.com/tampa/?utm_source=GMB&utm_medium=organic&utm_campaign=Tampa,https://www.google.com/maps/place/?q=place_id:ChIJZ_WgpFbCwogRjCH2yQTMtMQ,"3351 W Bearss Ave, Tampa, FL 33618",(813) 445-8161,2020-09-01T15:48:36.692505,28.0854106,-82.498655,19,75,"Tampa Personal Injury attorneys Tampa, Florida, United States",
MattLaw,https://mattlaw.com/?utm_source=google&utm_medium=listing&utm_campaign=main,https://www.google.com/maps/place/?q=place_id:ChIJ-zTH2Y_EwogROsgokQ03VKw,"304 S Plant Ave, Tampa, FL 33606",(813) 222-2222,2020-09-01T15:47:00.083192,27.9413201,-82.4625517,10,56,"Tampa Personal Injury attorneys Tampa, Florida, United States",
"Curry Law Group, P.A",https://currylawgroup.com/,https://www.google.com/maps/place/?q=place_id:ChIJ6cGMNtzNwogR96_tKPeFQxE,"750 W Lumsden Rd, Brandon, FL 33511",(813) 653-2500,2020-09-01T15:48:36.704244,27.9236359,-82.295029,11,70,"Tampa Personal Injury attorneys Tampa, Florida, United States",
"Fowkes & Hasanbasic, Accident and Insurance Lawyers",https://www.fhlawpa.com/,https://www.google.com/maps/place/?q=place_id:ChIJsXyhzhqUwogRIRR5lRwn6nc,"1807 Short Branch Dr Suite 101, Trinity, FL 34655",(727) 500-1010,2020-09-01T15:48:36.704901,28.1850634,-82.6370878,1,58,"Tampa Personal Injury attorneys Tampa, Florida, United States",
The Law Offices of Ryan Cappy,http://www.cappylaw.com/,https://www.google.com/maps/place/?q=place_id:ChIJCUoOOInEwogR461c3iY_Ow0,"400 N Ashley Dr Suite 2100, Tampa, FL 33602",(813) 512-6011,2020-09-01T15:48:36.691867,27.9472272,-82.4606362,9,68,"Tampa Personal Injury attorneys Tampa, Florida, United States",
Hog Law,https://www.hoglaw1.com/,https://www.google.com/maps/place/?q=place_id:ChIJD2d274TEwogRUC_CBu1GM00,"115 S Fielding Ave, Tampa, FL 33606",(866) 464-5291,2020-09-01T15:48:36.707429,27.943339,-82.467888,20,75,"Tampa Personal Injury attorneys Tampa, Florida, United States",
"Perenich, Caulfield, Avril & Noyes",https://www.usalaw.com/,https://www.google.com/maps/place/?q=place_id:ChIJOfGR0sLxwogRYgpsF291_IM,"1875 N Belcher Rd. STE 201, Clearwater, FL 33765",(727) 796-8282,2020-09-01T15:47:00.093781,27.9889952,-82.7453339,4,15,"Tampa Personal Injury attorneys Tampa, Florida, United States",
RHINO Lawyers,https://www.rhinolawyers.com/?utm_campaign=gmb,https://www.google.com/maps/place/?q=place_id:ChIJuapEriLFwogR6-KWpK7tSNM,"217 N Howard Ave STE 102, Tampa, FL 33606",(813) 491-8165,2020-09-01T15:48:36.693772,27.9466296,-82.4827033,18,458,"Tampa Personal Injury attorneys Tampa, Florida, United States",
Morgan & Morgan,https://www.forthepeople.com/st-petersburg/,https://www.google.com/maps/place/?q=place_id:ChIJ_____wMew4gROR_tAmc2iwA,"111 2nd Ave NE Suite 1600, St. Petersburg, FL 33701",(727) 318-6344,2020-09-01T15:48:36.701862,27.7745015,-82.6334039,14,408,"Tampa Personal Injury attorneys Tampa, Florida, United States",
The Law Place,https://www.thelawplace.com/offices/sarasota-law-office/,https://www.google.com/maps/place/?q=place_id:ChIJ_6dsLH1Aw4gR3oB8ANVgouM,"1414 S Tamiami Trail, Sarasota, FL 34329",(941) 444-4444,2020-09-01T15:48:36.704373,27.3208112,-82.53004,13,79,"Tampa Personal Injury attorneys Tampa, Florida, United States",
"Sessums Law Group, P.A.",https://www.sessumslawgroup.com/?utm_source=google&utm_medium=organic&utm_campaign=GMB+Tampa,https://www.google.com/maps/place/?q=place_id:ChIJU_vgX0bDwogRjhGBAodcbhU,"3444 S West Shore Blvd, Tampa, FL 33629",(813) 435-5058,2020-09-01T15:48:36.702379,27.9122509,-82.5262993,2,7,"Tampa Personal Injury attorneys Tampa, Florida, United States",
Reed & Reed,https://www.needreed.com/,https://www.google.com/maps/place/?q=place_id:ChIJu3TQBjzMwogRKyIi1YnTH88,"101 E Lumsden Rd, Brandon, FL 33511",(813) 438-5960,2020-09-01T15:48:36.702185,27.9229473,-82.2855261,19,161,"Tampa Personal Injury attorneys Tampa, Florida, United States",
Law offices of James G Souza III PA,http://www.jimsouzalaw.com/,https://www.google.com/maps/place/?q=place_id:ChIJO5yOXn3DwogRl65eQlPfK9I,"1580 W Cleveland St, Tampa, FL 33606",(813) 563-3289,2020-09-01T15:48:36.695326,27.9430625,-82.4755507,2,17,"Tampa Personal Injury attorneys Tampa, Florida, United States",
"Edge Law, PA",https://www.edgelawpa.com/,https://www.google.com/maps/place/?q=place_id:ChIJe-5tIc-wwogRVi9p75ticoI,"2635 Windguard Cir STE 101, Wesley Chapel, FL 33544",(813) 708-9400,2020-09-01T15:48:36.705889,28.195056,-82.3550789,16,32,"Tampa Personal Injury attorneys Tampa, Florida, United States",
Perenich The Law Firm,https://perenichlaw.com/personal-injury-attorneys-tampa-bay-fl/,https://www.google.com/maps/place/?q=place_id:ChIJ47IOzJLAwogR0fdylIgSxek,"13801 N Dale Mabry Hwy, Tampa, FL 33618",(727) 500-1499,2020-09-01T15:48:36.695775,28.0717841,-82.5060044,9,3,"Tampa Personal Injury attorneys Tampa, Florida, United States",
Jeffrey D Murphy PA,https://www.jeffmurphylaw.com/,https://www.google.com/maps/place/?q=place_id:ChIJpfQfAZvEwogR-LQ3jlameTQ,"Bank of America Plaza, 101 E Kennedy Blvd #3910, Tampa, FL 33602",(813) 443-5553,2020-09-01T15:48:36.694430,27.946632,-82.4591868,8,64,"Tampa Personal Injury attorneys Tampa, Florida, United States",
Mike Hancock,https://www.lawhancock.com/attorneys/mike-hancock/,https://www.google.com/maps/place/?q=place_id:ChIJKYwGpP3BwogR2jemigAjDTI,"1317 W Fletcher Ave, Tampa, FL 33612",(813) 278-7092,2020-09-01T15:48:36.694685,28.0697857,-82.473473,12,,"Tampa Personal Injury attorneys Tampa, Florida, United States",
"Trial Pro, P.A.",http://www.trialpro.com/,https://www.google.com/maps/place/?q=place_id:ChIJHWz9Eud654gRq00jDoLJ1jk,"Orlando, FL · In Regus - Florida, Orlando - Downtown North Orange",(407) 300-0000,2020-09-01T15:48:36.706534,28.5452569,-81.3793082,6,788,"Tampa Personal Injury attorneys Tampa, Florida, United States",
Ambler Kevin C,https://www.amblerlaw.com/,https://www.google.com/maps/place/?q=place_id:ChIJxwh_WYnEwogRbzWyh6hoRm8,"400 N Tampa St # 1100, Tampa, FL 33602",(813) 906-0242,2020-09-01T15:48:36.694032,27.9477468,-82.459056,2,1,"Tampa Personal Injury attorneys Tampa, Florida, United States",
Eric T Taylor Law Office,http://www.erictaylor.org/,https://www.google.com/maps/place/?q=place_id:ChIJ08ZCkIXEwogRXRmmBLcH3V4,"203 N Armenia Ave #101, Tampa, FL 33609",(813) 259-4444,2020-09-01T15:48:36.703284,27.9462489,-82.484797,16,20,"Tampa Personal Injury attorneys Tampa, Florida, United States",
James B. Murphy,http://www.shb.com/,https://www.google.com/maps/place/?q=place_id:ChIJjWhLEYzEwogRbc-52XSfqD8,"100 N Tampa St # 2900, Tampa, FL 33602",(813) 202-7100,2020-09-01T15:48:36.706146,27.9453966,-82.4582997,20,,"Tampa Personal Injury attorneys Tampa, Florida, United States",
McCulloch Law P.A.,https://www.mccullochlawpa.com/,https://www.google.com/maps/place/?q=place_id:ChIJLZZhf8DEwogRkHDRde05sEU,"238 E Davis Blvd #316, Tampa, FL 33606",(813) 586-3847,2020-09-01T15:48:36.702574,27.9262615,-82.4535848,5,114,"Tampa Personal Injury attorneys Tampa, Florida, United States",
Nilo J. Sanchez & Associates,https://www.divorce-lawyer-tampa.net/,https://www.google.com/maps/place/?q=place_id:ChIJW9HZFXjDwogR19inRYKrx-I,"1006 N Armenia Ave, Tampa, FL 33607",(813) 879-4600,2020-09-01T15:48:36.706727,27.952639,-82.485281,9,57,"Tampa Personal Injury attorneys Tampa, Florida, United States",
"Ogden & Sullivan,P.A.",https://www.ogdensullivan.com/,https://www.google.com/maps/place/?q=place_id:ChIJ5Z9HvHrDwogRfzXHEWZmPVk,"5422 Bay Center Dr STE 100, Tampa, FL 33609",(813) 223-5111,2020-09-01T15:48:36.696540,27.9439444,-82.5364018,1,2,"Tampa Personal Injury attorneys Tampa, Florida, United States",
"Hunter Law, P.A.",https://hunterlawgroup.com/,https://www.google.com/maps/place/?q=place_id:ChIJY9cvr_DCwogRizIw6OBFRvU,"5025 W Lemon St #200, Tampa, FL 33609",(813) 287-2227,2020-09-01T15:48:36.694878,27.9507194,-82.5302057,15,38,"Tampa Personal Injury attorneys Tampa, Florida, United States",
"Steinger, Greene & Feiner",https://www.injurylawyers.com/tampa/?utm_source=gmb&utm_medium=organic,https://www.google.com/maps/place/?q=place_id:ChIJY_n0Os7OwogRSkaKN7_cM9I,400 N Ashley Dr #1900 · In Highland Oaks I,(813) 553-5352,2020-09-01T15:48:36.692569,27.9472272,-82.4606362,20,29,"Tampa Personal Injury attorneys Tampa, Florida, United States",
Holland & Lamoureux PA,http://www.hollandlamoureux.com/,https://www.google.com/maps/place/?q=place_id:ChIJ_____5zEwogRctexNrZzdb4,"1580 W Cleveland St, Tampa, FL 33606",(813) 253-2715,2020-09-01T15:47:00.084448,27.9430864,-82.4755718,9,,"Tampa Personal Injury attorneys Tampa, Florida, United States",
FL Legal Group,http://fllegalgroup.com/,https://www.google.com/maps/place/?q=place_id:ChIJqVq0QeLDwogRDZ9mCN7SEHE,"2700 W Dr Martin Luther King Jr Blvd STE 400, Tampa, FL 33607",(800) 984-9951,2020-09-01T15:48:36.690457,27.9811094,-82.4871627,7,12,"Tampa Personal Injury attorneys Tampa, Florida, United States",
Equal Employment Opportunity Commission,,https://www.google.com/maps/place/?q=place_id:ChIJ0UXhZ4rEwogR-PIu20roCaI,"501 E Polk St #1000, Tampa, FL 33602",(800) 669-4000,2020-09-01T15:48:36.707110,27.9512085,-82.4570453,15,11,"Tampa Personal Injury attorneys Tampa, Florida, United States",
"Butler & Boyd, P.A.",https://www.butlerboyd.com/,https://www.google.com/maps/place/?q=place_id:ChIJ2z93iIvEwogRbsFew88VP0s,"201 N Franklin St #2880, Tampa, FL 33602",(813) 229-3232,2020-09-01T15:48:36.691357,27.9467144,-82.4569762,1,14,"Tampa Personal Injury attorneys Tampa, Florida, United States",
"Florin Gray Bouzas Owens, LLC",https://www.fgbolaw.com/,https://www.google.com/maps/place/?q=place_id:ChIJ3zD2hoyNwogRn-FKspNqo0Y,"16524 Pointe Village Dr #100, Lutz, FL 33558",(727) 254-5255,2020-09-01T15:48:36.704114,28.1892092,-82.5412321,9,21,"Tampa Personal Injury attorneys Tampa, Florida, United States",
Mediation Lawyer Manuel J Fernandez,http://www.kfblaw.com/,https://www.google.com/maps/place/?q=place_id:ChIJI8B49HLDwogRkV1k9evY9RE,"3128 W Kennedy Blvd, Tampa, FL 33609",(813) 875-5445,2020-09-01T15:48:36.692962,27.9445841,-82.4945035,6,1,"Tampa Personal Injury attorneys Tampa, Florida, United States",
Tragos Law: Personal Injury & Auto Accidents,https://tragoslaw.com/tampa-injury/?utm_source=GMB&utm_medium=website&utm_campaign=tampa,https://www.google.com/maps/place/?q=place_id:ChIJ3eR7_qvDwogR1NyjLZ3R4HM,"100 S, Ashley Dr S #600, Tampa, FL 33602",(813) 452-4093,2020-09-01T15:48:36.690973,27.9444574,-82.4578222,15,7,"Tampa Personal Injury attorneys Tampa, Florida, United States",
"Riverview Kinney, Fernandez & Boire, P.A.",http://kfblaw.com/,https://www.google.com/maps/place/?q=place_id:ChIJg0JkEZ3RwogREdHmIm5CY-4,"9424 Balm Riverview Rd, Riverview, FL 33569",(813) 438-8216,2020-09-01T15:47:00.091994,27.8531907,-82.314439,17,,"Tampa Personal Injury attorneys Tampa, Florida, United States",
Perenich The Law Firm,https://perenichlaw.com/personal-injury-attorneys-st-petersburg-fl/,https://www.google.com/maps/place/?q=place_id:ChIJg_Xm73fhwogRqdLbvRfiDDI,"111 2nd Ave NE, St. Petersburg, FL 33701",(727) 500-1499,2020-09-01T15:47:00.091919,27.7745015,-82.6334039,16,10,"Tampa Personal Injury attorneys Tampa, Florida, United States",
Gunn Law Group P.A.,https://www.gunnlawgroup.com/?utm_source=GMB&utm_medium=organic&utm_campaign=tampa,https://www.google.com/maps/place/?q=place_id:ChIJFQ4CNInEwogRTNbkxSjVdIM,"401 E Jackson St #3600, Tampa, FL 33602",(813) 993-1448,2020-09-01T15:48:36.691421,27.947067,-82.4561431,2,7,"Tampa Personal Injury attorneys Tampa, Florida, United States",
Mac A. Greco III,http://www.macgrecojrpa.com/,https://www.google.com/maps/place/?q=place_id:ChIJqcrBAovEwogRU4DB4JEt2BA,"501 N Morgan St, Tampa, FL 33602",(813) 223-7849,2020-09-01T15:48:36.705374,27.9496889,-82.4556131,8,3,"Tampa Personal Injury attorneys Tampa, Florida, United States",
"Morla Law Group, P.A.",http://www.morlalaw.com/,https://www.google.com/maps/place/?q=place_id:ChIJh5x3dg7DwogRb7xZdkefgs4,"3621 W Kennedy Blvd, Tampa, FL 33609",(813) 250-2886,2020-09-01T15:48:36.696668,27.945094,-82.502453,3,77,"Tampa Personal Injury attorneys Tampa, Florida, United States",
"Martin J. Hernandez, Esq.",https://injurylawyersoftampa.com/,https://www.google.com/maps/place/?q=place_id:ChIJ5S8C0pLEwogRaUkJ1lPdZdE,"3002 W Kennedy Blvd, Tampa, FL 33609",(813) 229-5353,2020-09-01T15:48:36.702703,27.9445184,-82.4914216,7,278,"Tampa Personal Injury attorneys Tampa, Florida, United States",
Marsalisi Law,"https://www.google.com/maps/reserve/m/84twFPepyu8?source=cat&hl=en-US&gei=4mxOX9i1B9zP0PEPqKW9-AI&sourceurl=https://www.google.com/search?q%3DTampa%2BPersonal%2BInjury%2Battorneys%2BTampa,%2BFlorida,%2BUnited%2BStates%26gl%3Dus%26hl%3Den%26uule%3Dw%2BCAIQICINVW5pdGVkIFN0YXRlcw%26tbm%3Dlcl%26start%3D180",https://www.google.com/maps/place/?q=place_id:ChIJS4BSdc79wogR6ID3M3A3UJo,"7035 Central Ave Ste A, St. Petersburg, FL 33710",(727) 800-5052,2020-09-01T15:47:00.093927,27.7710731,-82.7364422,6,154,"Tampa Personal Injury attorneys Tampa, Florida, United States",
Salter Healey LLC,http://www.salterhealy.com/,https://www.google.com/maps/place/?q=place_id:ChIJN2V0NvXBwogR5gVJV0CkBN8,"5401 W Kennedy Blvd #170, Tampa, FL 33609",(813) 463-8360,2020-09-01T15:48:36.706211,27.9455407,-82.5345947,1,,"Tampa Personal Injury attorneys Tampa, Florida, United States",
"Salter, Healy, Rivera",https://www.salterhealy.com/personal-injury-attorneys-st-petersburg-fl/,https://www.google.com/maps/place/?q=place_id:ChIJjwWaFDbiwogRJ5J4JcVuqBM,"2601 1st Ave S, St. Petersburg, FL 33712",(727) 321-4357,2020-09-01T15:48:36.704761,27.77041,-82.6687,19,47,"Tampa Personal Injury attorneys Tampa, Florida, United States",
Anderson & Anderson,https://www.tgalaw.com/tampa/?utm_source=GMB&utm_medium=organic&utm_campaign=Tampa,https://www.google.com/maps/place/?q=place_id:ChIJSTUyJoXEwogRurDKkus5wgg,"213 S Brevard Ave, Tampa, FL 33606",(813) 251-0072,2020-09-01T15:48:36.691803,27.9420707,-82.4669826,8,29,"Tampa Personal Injury attorneys Tampa, Florida, United States",
Brooks Law Group,https://www.brookslawgroup.com/tampa/?utm_source=google&utm_medium=gmb&utm_campaign=local-listing_tampa,https://www.google.com/maps/place/?q=place_id:ChIJbXkExlPEwogRpy6_iMr1c8k,"2002 E 5th Ave UNIT 101, Tampa, FL 33605",(813) 722-1756,2020-09-01T15:48:36.690781,27.95926,-82.4365321,12,71,"Tampa Personal Injury attorneys Tampa, Florida, United States",
"Rebein Brothers, PA",http://www.rebeinlaw.com/,https://www.google.com/maps/place/?q=place_id:ChIJyxSf8wnDwogRtQCTEmIexqE,100 Ashley Dr S UNIT 610 · In Wells Fargo Bank,(813) 305-7285,2020-09-01T15:48:36.690195,27.944582,-82.457824,3,51,"Tampa Personal Injury attorneys Tampa, Florida, United States",
"Gina Rosato Law Firm, P.A.",http://www.lawgina.com/,https://www.google.com/maps/place/?q=place_id:ChIJczudvVbCwogRkDkodqedv0w,"4124 W Linebaugh Ave, Tampa, FL 33624",(813) 463-8000,2020-09-01T15:48:36.707045,28.039809,-82.511822,14,296,"Tampa Personal Injury attorneys Tampa, Florida, United States",
Florida Bar,http://floridabar.org/,https://www.google.com/maps/place/?q=place_id:ChIJof7cekfCwogRyC0ngRpbs7k,"4200 George J Bean Pkwy #2580, Tampa, FL 33607",(813) 875-9821,2020-09-01T15:48:36.706598,27.9813311,-82.5344709,7,6,"Tampa Personal Injury attorneys Tampa, Florida, United States",
Marlowe Law,http://www.marlowe.law/,https://www.google.com/maps/place/?q=place_id:ChIJwzDHzdDpwogR-pvgZ1NSq2Y,3001 N Rocky Point Dr E #200 · In Orion Center,(813) 575-0000,2020-09-01T15:48:36.702121,27.9679895,-82.5675331,18,45,"Tampa Personal Injury attorneys Tampa, Florida, United States",
Corless Barfield Trial Group,http://corlessbarfield.com/,https://www.google.com/maps/place/?q=place_id:ChIJgztewAHDwogRe1QfOwXDazk,"6812 W Linebaugh Ave, Tampa, FL 33625",(813) 258-4998,2020-09-01T15:48:36.696604,28.0398892,-82.5540261,2,33,"Tampa Personal Injury attorneys Tampa, Florida, United States",
Butash & Donovan,http://www.butashdonovan.com/,https://www.google.com/maps/place/?q=place_id:ChIJvRRD9Sm6wogRcU35fxuP3bA,"23554 FL-54, Lutz, FL 33559",(813) 341-2232,2020-09-01T15:48:36.703220,28.184819,-82.426474,15,35,"Tampa Personal Injury attorneys Tampa, Florida, United States",
"Jennifer Meksraitis, PLLC dba Heights Injury Law",https://heightsinjurylaw.com/,https://www.google.com/maps/place/?q=place_id:ChIJ3eBU3LvFwogRZAGYUTyCV0w,"313 E Oak Ave, Tampa, FL 33602",(813) 600-3197,2020-09-01T15:48:36.692313,27.959921,-82.4566706,16,2,"Tampa Personal Injury attorneys Tampa, Florida, United States",
"Whittel & Melton, LLC",http://www.thefllawfirm.com/,https://www.google.com/maps/place/?q=place_id:ChIJw19IaI_EwogR3_s9PtiXS48,2909 W Bay to Bay Blvd #300 · In Bayshore Center,(813) 221-3200,2020-09-01T15:48:36.697312,27.9198263,-82.4917935,9,6,"Tampa Personal Injury attorneys Tampa, Florida, United States",
Diaco Law,http://www.diacolaw.com/,https://www.google.com/maps/place/?q=place_id:ChIJ4W4SjvfCwogRkFuPWe7zjG8,"605 S Boulevard, Tampa, FL 33606",(813) 221-7978,2020-09-01T15:48:36.692059,27.9381785,-82.4689377,12,23,"Tampa Personal Injury attorneys Tampa, Florida, United States",
The Ticket Clinic - A Law Firm,https://www.theticketclinic.com/locations/tampa,https://www.google.com/maps/place/?q=place_id:ChIJ5-sR5xDDwogRrl2TDOC2us8,"602 S Dale Mabry Hwy, Tampa, FL 33609",(813) 873-9018,2020-09-01T15:48:36.707301,27.939139,-82.505521,18,351,"Tampa Personal Injury attorneys Tampa, Florida, United States",
Rinaldo Law Group,https://www.tampainjuryaccidentlaw.com/,https://www.google.com/maps/place/?q=place_id:ChIJIdcNy7_RwogRfxjQPBmI6Xk,"11256 Boyette Rd, Riverview, FL 33569",(813) 831-9999,2020-09-01T15:48:36.703348,27.8547233,-82.3159157,17,14,"Tampa Personal Injury attorneys Tampa, Florida, United States",
Fiol Law Group,https://www.fiolinjurylaw.com/?utm_source=google&utm_medium=organic&utm_campaign=gmb-listing,https://www.google.com/maps/place/?q=place_id:ChIJfWALU2HEwogRQAgAXPXUhgU,"1515 N Marion St, Tampa, FL 33602",(813) 223-6773,2020-09-01T15:48:36.691484,27.9582812,-82.4585445,3,76,"Tampa Personal Injury attorneys Tampa, Florida, United States",
"Perenich, Caulfield, Avril and Noyes",https://www.usalaw.com/,https://www.google.com/maps/place/?q=place_id:ChIJQ6aWY1XFwogRFH0HOq3xQE8,"412 E Madison St #1104, Tampa, FL 33602",(813) 288-8282,2020-09-01T15:48:36.695133,27.949071,-82.457117,19,1,"Tampa Personal Injury attorneys Tampa, Florida, United States",
"Printy & Printy, P.A.",https://printylawfirm.com/,https://www.google.com/maps/place/?q=place_id:ChIJLUb7NurAwogRQJkS596l0ts,"3411 W Fletcher Ave Suite A, Tampa, FL 33618",(813) 434-0649,2020-09-01T15:48:36.703027,28.0665733,-82.4991902,12,29,"Tampa Personal Injury attorneys Tampa, Florida, United States",
"Masterson, Hoag & Smith, P.A.",https://www.mastersonlaw.com/,https://www.google.com/maps/place/?q=place_id:ChIJJ60LaSTFwogR10dCn70dhgE,"100 Ashley Dr S suite 600-2001, Tampa, FL 33602",(813) 358-2614,2020-09-01T15:48:36.693090,27.9445688,-82.4578332,8,,"Tampa Personal Injury attorneys Tampa, Florida, United States",
Tragos Law,https://tragoslaw.com/?utm_source=GMB&utm_medium=website&utm_campaign=clearwater,https://www.google.com/maps/place/?q=place_id:ChIJecnMteDwwogRLWGZq32ZC1g,"2363 Gulf to Bay Blvd Ste 100, Clearwater, FL 33765",(727) 441-9030,2020-09-01T15:47:00.091592,27.9600797,-82.7393922,11,60,"Tampa Personal Injury attorneys Tampa, Florida, United States",
"Kinney, Fernandez, & Boire P.A.",http://www.kfblaw.com/st-petersburg-personal-injury-attorney/,https://www.google.com/maps/place/?q=place_id:ChIJB0BtAoXmwogR4Y7RLj4FdYY,"9600 Koger Blvd N #239, St. Petersburg, FL 33702",(727) 576-5784,2020-09-01T15:47:00.091722,27.8598985,-82.640173,13,2,"Tampa Personal Injury attorneys Tampa, Florida, United States",
"L Pincus Law, PLLC",http://www.lpincuslaw.com/,https://www.google.com/maps/place/?q=place_id:ChIJ08XQ2njrwogRdSGGcaQh8D8,"13055 W Linebaugh Ave Suite 102, Tampa, FL 33626",(813) 333-1343,2020-09-01T15:48:36.701993,28.0577957,-82.6421227,16,10,"Tampa Personal Injury attorneys Tampa, Florida, United States",
John Bales Attorneys,http://www.johnbales.com/,https://www.google.com/maps/place/?q=place_id:ChIJHYMN74rEwogRZLevD11KOmA,"625 E Twiggs St #100, Tampa, FL 33602",(800) 225-5564,2020-09-01T15:48:36.691675,27.9500443,-82.4553873,6,107,"Tampa Personal Injury attorneys Tampa, Florida, United States",
Clark Martino PA,http://www.clarkmartino.com/,https://www.google.com/maps/place/?q=place_id:ChIJTWFXpg3DwogRr9aOpno9J0Q,"3407 W Kennedy Blvd, Tampa, FL 33609",(813) 879-0700,2020-09-01T15:48:36.693967,27.9451905,-82.4998414,1,17,"Tampa Personal Injury attorneys Tampa, Florida, United States",
Rojas Law Group,https://rojaslawgroup.com/,https://www.google.com/maps/place/?q=place_id:ChIJdX0717zDwogRdW6tIZWiLys,"3405 W Columbus Dr, Tampa, FL 33607",(813) 879-2223,2020-09-01T15:48:36.693218,27.9669573,-82.499957,10,26,"Tampa Personal Injury attorneys Tampa, Florida, United States",
"Mandelbaum Trichler Law Center, P.A.",http://www.mtlawcenter.com/,https://www.google.com/maps/place/?q=place_id:ChIJj-z3F2LEwogR0AXGiStSmAI,"6528 Gunn Hwy, Tampa, FL 33625",(813) 862-1029,2020-09-01T15:48:36.696349,28.064347,-82.559244,18,35,"Tampa Personal Injury attorneys Tampa, Florida, United States",
Farah & Farah,https://farahandfarah.com/location/tampa-fl?utm_source=local&utm_medium=organic&utm_campaign=gmb,https://www.google.com/maps/place/?q=place_id:ChIJoWjP_j3IwogRabDXzhUfrlI,"2801 W Busch Blvd Suite 101, Tampa, FL 33618",(813) 358-0490,2020-09-01T15:48:36.690652,28.0358149,-82.4886416,10,30,"Tampa Personal Injury attorneys Tampa, Florida, United States",
Stathopoulos Law Group PA,http://slglawgroup.com/,https://www.google.com/maps/place/?q=place_id:ChIJ4Vs7dGSNwogREjo88S-g8E4,"39042 US Hwy 19 N, Tarpon Springs, FL 34689",(727) 942-9000,2020-09-01T15:47:00.093645,28.127158,-82.7407343,2,55,"Tampa Personal Injury attorneys Tampa, Florida, United States",
Steinberg Michael A,http://www.ssalawyers.com/,https://www.google.com/maps/place/?q=place_id:ChIJHYYgcm3CwogREmCjm5_QKuk,"4925 Independence Pkwy #195, Tampa, FL 33634",(813) 221-1300,2020-09-01T15:48:36.706469,27.9786364,-82.5500189,5,50,"Tampa Personal Injury attorneys Tampa, Florida, United States",
"Anton Garcia Law: Family Law Attorney, Tampa",https://www.tampaattorneys.com/,https://www.google.com/maps/place/?q=place_id:ChIJvZxHMiDDwogR7cr-rH4nOyo,"106 S Tampania Ave, Tampa, FL 33609",(813) 907-9807,2020-09-01T15:48:36.695647,27.9440062,-82.4861452,7,106,"Tampa Personal Injury attorneys Tampa, Florida, United States",
Cummings John,http://www.wilkesmchugh.com/,https://www.google.com/maps/place/?q=place_id:ChIJu5hdTg7DwogReYjT9Vh67dI,"1 N Dale Mabry Hwy # 800, Tampa, FL 33609",(813) 873-0026,2020-09-01T15:48:36.706855,27.9452509,-82.5049318,11,,"Tampa Personal Injury attorneys Tampa, Florida, United States",
"Swope, Rodante P.A.",https://www.swoperodante.com/?utm_source=google%20business%20page&utm_medium=search,https://www.google.com/maps/place/?q=place_id:ChIJ38nft1vEwogRfFVa66pDqlw,"1234 E 5th Ave, Tampa, FL 33605",(813) 273-0017,2020-09-01T15:48:36.695262,27.9590685,-82.4460693,1,23,"Tampa Personal Injury attorneys Tampa, Florida, United States",
"Dolman Law Group Accident Injury Lawyers, PA",https://www.dolmanlaw.com/tampa-personal-injury-attorney/,https://www.google.com/maps/place/?q=place_id:ChIJZRzOp4TrwogRXLFkoO6ChSc,"13513 Prestige Pl Suite 102, Tampa, FL 33635",(813) 388-5963,2020-09-01T15:48:36.693359,28.0347101,-82.6406443,12,6,"Tampa Personal Injury attorneys Tampa, Florida, United States",
"Catania and Catania, PA",https://www.cataniaandcatania.com/st-petersburg-personal-injury-attorney/,https://www.google.com/maps/place/?q=place_id:ChIJ04DeG53hwogRlhsJto07pWw,,(727) 263-3189,2020-09-01T15:48:36.697246,27.7789724,-82.6773308,8,69,"Tampa Personal Injury attorneys Tampa, Florida, United States",
"Older, Lundy & Alvarez",https://www.olalaw.com/,https://www.google.com/maps/place/?q=place_id:ChIJSUtyYEbDwogRGYL1tq2J1WE,"1000 W Cass St, Tampa, FL 33606",(813) 254-8998,2020-09-01T15:48:36.695518,27.9497301,-82.4695428,5,50,"Tampa Personal Injury attorneys Tampa, Florida, United States",
Abrahamson & Uiterwyk Personal Injury Law,https://www.theinjurylawyers.com/st-pete-injury-attorney/?utm_campaign=gmb&utm_medium=maps&utm_source=gmb,https://www.google.com/maps/place/?q=place_id:ChIJN5Y4PeLhwogRiDYg85jmFhk,"111 2nd Ave NE #306, St. Petersburg, FL 33701",(727) 323-5297,2020-09-01T15:47:00.091657,27.7745878,-82.6335575,12,62,"Tampa Personal Injury attorneys Tampa, Florida, United States",
O'Brien Kevin P,http://www.wilkesmchugh.com/,https://www.google.com/maps/place/?q=place_id:ChIJu5hdTg7DwogROu-Bguk9rTE,"1 N Dale Mabry Hwy # 800, Tampa, FL 33609",(813) 873-0026,2020-09-01T15:48:36.705632,27.9452509,-82.5049318,12,,"Tampa Personal Injury attorneys Tampa, Florida, United States",
"Michael A Misa, P.A.",http://c4motion.com/,https://www.google.com/maps/place/?q=place_id:ChIJN0tYYYPEwogRSy9oaAD3G5U,"2102 W Platt St STE 105, Tampa, FL 33606",(813) 307-9801,2020-09-01T15:47:00.094331,27.941664,-82.4812589,12,28,"Tampa Personal Injury attorneys Tampa, Florida, United States",
"Shrader Law, PLLC",http://www.shraderlawfirm.com/,https://www.google.com/maps/place/?q=place_id:ChIJi9Y8eFHEwogRVqJUQ63aDd0,"612 W Bay St, Tampa, FL 33606",(813) 360-1529,2020-09-01T15:48:36.702963,27.9378071,-82.4668427,11,10,"Tampa Personal Injury attorneys Tampa, Florida, United States",
"Law Office of Edward J. Reyes, P.A.",https://thereyesfirm.com/,https://www.google.com/maps/place/?q=place_id:ChIJyUmH52zEwogRurtRWVMlE_E,"3302 N Tampa St, Tampa, FL 33603",(813) 421-3411,2020-09-01T15:48:36.706017,27.9745336,-82.4611192,18,93,"Tampa Personal Injury attorneys Tampa, Florida, United States",
